CREATE TABLE IF NOT EXISTS users (
    id INTEGER PRIMARY KEY AUTOINCREMENT,
    email TEXT NOT NULL UNIQUE,
    password TEXT NOT NULL,
    name TEXT NOT NULL
);

INSERT OR IGNORE INTO users (email, password, name) VALUES
    ('test@test.com', 'lozinka', 'Test Korisnik');

CREATE TABLE IF NOT EXISTS movies (
    id INTEGER PRIMARY KEY AUTOINCREMENT,
    title TEXT NOT NULL
);

CREATE TABLE IF NOT EXISTS screenings (
    id INTEGER PRIMARY KEY AUTOINCREMENT,
    movie_id INTEGER NOT NULL,
    screening_time TEXT NOT NULL,
    FOREIGN KEY (movie_id) REFERENCES movies(id)
);

CREATE TABLE IF NOT EXISTS seats (
    id INTEGER PRIMARY KEY AUTOINCREMENT,
    seat_number TEXT NOT NULL,
    screening_id INTEGER NOT NULL,
    reserved INTEGER NOT NULL DEFAULT 0,
    FOREIGN KEY (screening_id) REFERENCES screenings(id),
    UNIQUE (seat_number, screening_id)
);

CREATE TABLE IF NOT EXISTS reservations (
    id INTEGER PRIMARY KEY AUTOINCREMENT,
    seat_number TEXT NOT NULL,
    screening_id INTEGER NOT NULL,
    customer_name TEXT NOT NULL,
    customer_email TEXT NOT NULL,
    FOREIGN KEY (screening_id) REFERENCES screenings(id)
);

INSERT OR IGNORE INTO movies (id, title) VALUES
    (1, 'Inception'),
    (2, 'Interstellar'),
    (3, 'The Dark Knight'),
    (4, 'The Matrix'),
    (5, 'Titanic'),
    (6, 'Avatar');

INSERT OR IGNORE INTO screenings (id, movie_id, screening_time) VALUES
    (1,  1, '21.06.2026. 10:00'), (2,  1, '21.06.2026. 14:30'),
    (3,  2, '21.06.2026. 10:30'), (4,  2, '21.06.2026. 16:00'),
    (5,  3, '21.06.2026. 11:00'), (6,  3, '21.06.2026. 15:30'),
    (7,  4, '21.06.2026. 12:00'), (8,  4, '21.06.2026. 18:00'),
    (9,  5, '21.06.2026. 09:00'), (10, 5, '21.06.2026. 17:00'),
    (11, 6, '21.06.2026. 13:00'), (12, 6, '21.06.2026. 19:30');

INSERT OR IGNORE INTO seats (seat_number, screening_id, reserved) VALUES
    ('A1',1,0),('A2',1,0),('A3',1,1),('A4',1,0),('A5',1,0),('A6',1,0),('A7',1,0),('A8',1,0),
    ('B1',1,0),('B2',1,1),('B3',1,1),('B4',1,0),('B5',1,0),('B6',1,0),('B7',1,0),('B8',1,0),
    ('C1',1,0),('C2',1,0),('C3',1,0),('C4',1,0),('C5',1,0),('C6',1,0),('C7',1,0),('C8',1,0),
    ('D1',1,0),('D2',1,0),('D3',1,0),('D4',1,0),('D5',1,0),('D6',1,0),('D7',1,0),('D8',1,0),
    ('E1',1,0),('E2',1,0),('E3',1,0),('E4',1,0),('E5',1,0),('E6',1,0),('E7',1,0),('E8',1,0);

INSERT OR IGNORE INTO seats (seat_number, screening_id, reserved) VALUES
    ('A1',2,1),('A2',2,1),('A3',2,1),('A4',2,0),('A5',2,0),('A6',2,1),('A7',2,0),('A8',2,0),
    ('B1',2,1),('B2',2,1),('B3',2,0),('B4',2,0),('B5',2,1),('B6',2,1),('B7',2,0),('B8',2,0),
    ('C1',2,0),('C2',2,1),('C3',2,1),('C4',2,1),('C5',2,0),('C6',2,0),('C7',2,0),('C8',2,0),
    ('D1',2,0),('D2',2,0),('D3',2,1),('D4',2,0),('D5',2,0),('D6',2,0),('D7',2,0),('D8',2,0),
    ('E1',2,0),('E2',2,0),('E3',2,0),('E4',2,0),('E5',2,0),('E6',2,0),('E7',2,0),('E8',2,0);

INSERT OR IGNORE INTO seats (seat_number, screening_id, reserved) VALUES
    ('A1',3,0),('A2',3,0),('A3',3,0),('A4',3,0),('A5',3,0),('A6',3,0),('A7',3,0),('A8',3,0),
    ('B1',3,0),('B2',3,0),('B3',3,1),('B4',3,0),('B5',3,0),('B6',3,0),('B7',3,0),('B8',3,0),
    ('C1',3,0),('C2',3,0),('C3',3,0),('C4',3,0),('C5',3,0),('C6',3,0),('C7',3,0),('C8',3,0),
    ('D1',3,0),('D2',3,0),('D3',3,0),('D4',3,0),('D5',3,0),('D6',3,0),('D7',3,0),('D8',3,0),
    ('E1',3,0),('E2',3,0),('E3',3,0),('E4',3,0),('E5',3,0),('E6',3,0),('E7',3,0),('E8',3,0);

INSERT OR IGNORE INTO seats (seat_number, screening_id, reserved) VALUES
    ('A1',4,1),('A2',4,1),('A3',4,0),('A4',4,1),('A5',4,1),('A6',4,0),('A7',4,0),('A8',4,1),
    ('B1',4,1),('B2',4,0),('B3',4,1),('B4',4,1),('B5',4,0),('B6',4,1),('B7',4,0),('B8',4,0),
    ('C1',4,0),('C2',4,1),('C3',4,0),('C4',4,0),('C5',4,1),('C6',4,0),('C7',4,0),('C8',4,0),
    ('D1',4,0),('D2',4,0),('D3',4,0),('D4',4,0),('D5',4,0),('D6',4,0),('D7',4,0),('D8',4,0),
    ('E1',4,0),('E2',4,0),('E3',4,0),('E4',4,0),('E5',4,0),('E6',4,0),('E7',4,0),('E8',4,0);

INSERT OR IGNORE INTO seats (seat_number, screening_id, reserved) VALUES
    ('A1',5,0),('A2',5,0),('A3',5,0),('A4',5,1),('A5',5,0),('A6',5,0),('A7',5,0),('A8',5,0),
    ('B1',5,0),('B2',5,0),('B3',5,0),('B4',5,0),('B5',5,1),('B6',5,1),('B7',5,0),('B8',5,0),
    ('C1',5,0),('C2',5,0),('C3',5,0),('C4',5,0),('C5',5,0),('C6',5,0),('C7',5,0),('C8',5,0),
    ('D1',5,0),('D2',5,0),('D3',5,0),('D4',5,0),('D5',5,0),('D6',5,0),('D7',5,0),('D8',5,0),
    ('E1',5,0),('E2',5,0),('E3',5,0),('E4',5,0),('E5',5,0),('E6',5,0),('E7',5,0),('E8',5,0);

INSERT OR IGNORE INTO seats (seat_number, screening_id, reserved) VALUES
    ('A1',6,1),('A2',6,1),('A3',6,1),('A4',6,1),('A5',6,1),('A6',6,1),('A7',6,0),('A8',6,0),
    ('B1',6,1),('B2',6,1),('B3',6,1),('B4',6,0),('B5',6,1),('B6',6,1),('B7',6,1),('B8',6,0),
    ('C1',6,1),('C2',6,0),('C3',6,1),('C4',6,1),('C5',6,0),('C6',6,1),('C7',6,0),('C8',6,0),
    ('D1',6,0),('D2',6,1),('D3',6,0),('D4',6,0),('D5',6,1),('D6',6,0),('D7',6,0),('D8',6,0),
    ('E1',6,0),('E2',6,0),('E3',6,0),('E4',6,0),('E5',6,0),('E6',6,0),('E7',6,0),('E8',6,0);

INSERT OR IGNORE INTO seats (seat_number, screening_id, reserved) VALUES
    ('A1',7,0),('A2',7,1),('A3',7,0),('A4',7,0),('A5',7,0),('A6',7,0),('A7',7,0),('A8',7,0),
    ('B1',7,0),('B2',7,0),('B3',7,1),('B4',7,1),('B5',7,0),('B6',7,0),('B7',7,0),('B8',7,0),
    ('C1',7,0),('C2',7,0),('C3',7,0),('C4',7,0),('C5',7,0),('C6',7,0),('C7',7,0),('C8',7,0),
    ('D1',7,0),('D2',7,0),('D3',7,0),('D4',7,0),('D5',7,0),('D6',7,0),('D7',7,0),('D8',7,0),
    ('E1',7,0),('E2',7,0),('E3',7,0),('E4',7,0),('E5',7,0),('E6',7,0),('E7',7,0),('E8',7,0);

INSERT OR IGNORE INTO seats (seat_number, screening_id, reserved) VALUES
    ('A1',8,1),('A2',8,1),('A3',8,1),('A4',8,0),('A5',8,1),('A6',8,0),('A7',8,0),('A8',8,1),
    ('B1',8,1),('B2',8,0),('B3',8,1),('B4',8,1),('B5',8,0),('B6',8,1),('B7',8,1),('B8',8,0),
    ('C1',8,0),('C2',8,1),('C3',8,0),('C4',8,1),('C5',8,0),('C6',8,0),('C7',8,1),('C8',8,0),
    ('D1',8,0),('D2',8,0),('D3',8,0),('D4',8,1),('D5',8,0),('D6',8,0),('D7',8,0),('D8',8,0),
    ('E1',8,0),('E2',8,0),('E3',8,0),('E4',8,0),('E5',8,0),('E6',8,0),('E7',8,0),('E8',8,0);

INSERT OR IGNORE INTO seats (seat_number, screening_id, reserved) VALUES
    ('A1',9,0),('A2',9,0),('A3',9,0),('A4',9,0),('A5',9,0),('A6',9,0),('A7',9,0),('A8',9,0),
    ('B1',9,0),('B2',9,0),('B3',9,0),('B4',9,0),('B5',9,1),('B6',9,0),('B7',9,0),('B8',9,0),
    ('C1',9,0),('C2',9,0),('C3',9,0),('C4',9,0),('C5',9,0),('C6',9,0),('C7',9,0),('C8',9,0),
    ('D1',9,0),('D2',9,0),('D3',9,0),('D4',9,0),('D5',9,0),('D6',9,0),('D7',9,0),('D8',9,0),
    ('E1',9,0),('E2',9,0),('E3',9,0),('E4',9,0),('E5',9,0),('E6',9,0),('E7',9,0),('E8',9,0);

INSERT OR IGNORE INTO seats (seat_number, screening_id, reserved) VALUES
    ('A1',10,1),('A2',10,0),('A3',10,1),('A4',10,0),('A5',10,1),('A6',10,0),('A7',10,0),('A8',10,0),
    ('B1',10,0),('B2',10,1),('B3',10,0),('B4',10,1),('B5',10,0),('B6',10,0),('B7',10,1),('B8',10,0),
    ('C1',10,0),('C2',10,0),('C3',10,1),('C4',10,0),('C5',10,0),('C6',10,0),('C7',10,0),('C8',10,0),
    ('D1',10,0),('D2',10,0),('D3',10,0),('D4',10,0),('D5',10,0),('D6',10,0),('D7',10,0),('D8',10,0),
    ('E1',10,0),('E2',10,0),('E3',10,0),('E4',10,0),('E5',10,0),('E6',10,0),('E7',10,0),('E8',10,0);

INSERT OR IGNORE INTO seats (seat_number, screening_id, reserved) VALUES
    ('A1',11,0),('A2',11,0),('A3',11,1),('A4',11,0),('A5',11,0),('A6',11,0),('A7',11,0),('A8',11,0),
    ('B1',11,0),('B2',11,1),('B3',11,0),('B4',11,0),('B5',11,1),('B6',11,0),('B7',11,0),('B8',11,0),
    ('C1',11,0),('C2',11,0),('C3',11,0),('C4',11,0),('C5',11,0),('C6',11,0),('C7',11,0),('C8',11,0),
    ('D1',11,0),('D2',11,0),('D3',11,0),('D4',11,0),('D5',11,0),('D6',11,0),('D7',11,0),('D8',11,0),
    ('E1',11,0),('E2',11,0),('E3',11,0),('E4',11,0),('E5',11,0),('E6',11,0),('E7',11,0),('E8',11,0);

INSERT OR IGNORE INTO seats (seat_number, screening_id, reserved) VALUES
    ('A1',12,1),('A2',12,1),('A3',12,1),('A4',12,1),('A5',12,0),('A6',12,1),('A7',12,1),('A8',12,0),
    ('B1',12,1),('B2',12,1),('B3',12,0),('B4',12,1),('B5',12,1),('B6',12,0),('B7',12,1),('B8',12,1),
    ('C1',12,0),('C2',12,1),('C3',12,1),('C4',12,0),('C5',12,1),('C6',12,1),('C7',12,0),('C8',12,0),
    ('D1',12,1),('D2',12,0),('D3',12,0),('D4',12,1),('D5',12,0),('D6',12,0),('D7',12,1),('D8',12,0),
    ('E1',12,0),('E2',12,0),('E3',12,0),('E4',12,0),('E5',12,0),('E6',12,0),('E7',12,0),('E8',12,0);
